time, 速度, 高度
0.1, 0, 10
0.2, 7.532680553, 20
0.3, 11.28563849, 35
0.4, 15.02255891, 40
