time, 速度, height
0.1, 0, 10
0.2, 7.532680553, 20
0.3, NaN, 35
0.4, 15.23232323, 15
0.5, 18.12345890, NaN
